{
  "current": {
    "implementation": "current",
    "time": 1.809067726135254,
    "forces_norm": 22929.893212352505,
    "energy": 49386.02956890059,
    "particles": 1000,
    "cutoff": 1.2
  },
  "optimized_lj_switch": {
    "implementation": "optimized_lj",
    "time": 0.42215847969055176,
    "avg_time": 0.42215657234191895,
    "forces_norm": 26055.174660583245,
    "energy": 26549.45639264921,
    "particles": 1000,
    "cutoff": 1.2,
    "cutoff_method": "switch",
    "neighbor_list_size": 45654
  },
  "optimized_lj_force_switch": {
    "implementation": "optimized_lj",
    "time": 0.4023549556732178,
    "avg_time": 0.40235280990600586,
    "forces_norm": 26055.20658547732,
    "energy": 26546.645013937385,
    "particles": 1000,
    "cutoff": 1.2,
    "cutoff_method": "force_switch",
    "neighbor_list_size": 45654
  },
  "optimized_lj_hard": {
    "implementation": "optimized_lj",
    "time": 0.40662455558776855,
    "avg_time": 0.40662240982055664,
    "forces_norm": 26055.190745077733,
    "energy": 26545.91164756823,
    "particles": 1000,
    "cutoff": 1.2,
    "cutoff_method": "hard",
    "neighbor_list_size": 45654
  },
  "ewald": {
    "implementation": "ewald",
    "time": 0.1567842960357666,
    "avg_time": 0.15678071975708008,
    "forces_norm": 100850.53811859955,
    "energy": 94530.16578749917,
    "particles": 1000,
    "cutoff": 1.2
  },
  "combined": {
    "implementation": "combined_optimized",
    "time": 0.5576562881469727,
    "forces_norm": 104016.16991037961,
    "energy": 121079.62218014838,
    "particles": 1000,
    "cutoff": 1.2
  },
  "energy_conservation": {
    "initial_energy": 121079.62218014838,
    "final_energy": 17245.884958326395,
    "energy_drift": -0.8575657517937486,
    "energy_fluctuation": -1.9373276466352776,
    "n_steps": 100
  }
}