{
  "performance": {
    "optimized_time": 0.16673851013183594,
    "current_time": 0.12141251564025879,
    "speedup": 0.7281612120934808,
    "improvement_percent": -27.183878790651917
  },
  "energies": {
    "optimized_total": 8631.172855405339,
    "current_total": 2496424.451419755,
    "current_lj": 2488319.3048489373,
    "current_coulomb": 8105.146570817473
  },
  "forces": {
    "optimized_norm": 29551.9537649706,
    "current_norm": 394140968.0425518,
    "lj_norm": 394124321.096725,
    "coulomb_norm": 28303.615910466833
  }
}