{
  "current": {
    "implementation": "current",
    "time": 0.46494388580322266,
    "forces_norm": 10899.486361845813,
    "energy": 13311.059446414101,
    "particles": 500,
    "cutoff": 1.2
  },
  "optimized_lj_switch": {
    "implementation": "optimized_lj",
    "time": 0.10219430923461914,
    "avg_time": 0.10219216346740723,
    "forces_norm": 12940.148613820305,
    "energy": 6385.975275048006,
    "particles": 500,
    "cutoff": 1.2,
    "cutoff_method": "switch",
    "neighbor_list_size": 11387
  },
  "optimized_lj_force_switch": {
    "implementation": "optimized_lj",
    "time": 0.09970927238464355,
    "avg_time": 0.09970569610595703,
    "forces_norm": 12940.148949849792,
    "energy": 6385.268914338476,
    "particles": 500,
    "cutoff": 1.2,
    "cutoff_method": "force_switch",
    "neighbor_list_size": 11387
  },
  "optimized_lj_hard": {
    "implementation": "optimized_lj",
    "time": 0.0986480712890625,
    "avg_time": 0.09864592552185059,
    "forces_norm": 12940.140502368562,
    "energy": 6385.07955008778,
    "particles": 500,
    "cutoff": 1.2,
    "cutoff_method": "hard",
    "neighbor_list_size": 11387
  },
  "ewald": {
    "implementation": "ewald",
    "time": 0.15219926834106445,
    "avg_time": 0.15219545364379883,
    "forces_norm": 51200.315886923796,
    "energy": 67235.55517826302,
    "particles": 500,
    "cutoff": 1.2
  },
  "combined": {
    "implementation": "combined_optimized",
    "time": 0.15743255615234375,
    "forces_norm": 53508.591948537316,
    "energy": 73621.53045331103,
    "particles": 500,
    "cutoff": 1.2
  },
  "energy_conservation": {
    "initial_energy": 73621.53045331103,
    "final_energy": 11034.600666702083,
    "energy_drift": -0.8501172062199935,
    "energy_fluctuation": 1.9232088162281942,
    "n_steps": 100
  }
}